"","newspapername","newstitle"
"1","아시아경제","""소송해봐, 보증금 못줘"" 집주인 어깃장..수천만원 볼모잡힌 대학생들"
"2","헤럴드경제","['깡 판' 된 온누리 상품권]5분에 만원 '현금깡'.. 돈 된다 소문나자 알바까지 기승"
"3","한겨레","이국종이 기억하는 윤한덕 센터장 ""나를 비꼬았으나 진정성 느꼈다"""
"4","연합뉴스","탄핵 2년 만에 한국당 전당대회서 되살아나는 박근혜"
"5","중앙일보","[서소문사진관] 국제사회 원조가 두려운 마두로 대통령 국경폐쇄"
"6","지디넷코리아","NASA 달 탐사 궤도선, 달 뒷면에 있는 中 탐사선 포착"
"7","연합뉴스","발리 공항서 이민국 직원 따귀 때린 英 여성, 6개월 실형 신세"
"8","아이뉴스24","대우조선 인수 나선 현대重, 한진重 수빅조선소까지 인수?"
"9","SBS","[취재파일] 스페인·韓 초유의 군용기 스와프딜..묵묵부답 韓 국방부"
"10","한겨레","개성공단이 북한 퍼주기?..""5% 주고 95% 퍼오기"""
"11","조선비즈","1년 6개월만에 온탕서 냉탕으로..뒤집힌 부산 부동산"
"12","연합뉴스","'희망의 끈 놓지 않아' 그랜드캐니언 추락 대한민국 청년"
"13","뉴스엔","'연애의 맛' 고주원♥김보미, 첫 애프터 거절부터 예비처제 만남까지[오늘TV]"
"14","아시아경제","[단독] 김경수·드루킹 판결에 허익범 특검도 항소..""양형 부당"""
"15","엑스포츠뉴스","'SKY 캐슬' 오나라 ""20년 연애한 남자친구, 질투 대신 응원해줘"" (인터뷰)"
"16","TV리포트","'골목식당' 천하의 백종원도 말문이 막힐 때는 있다 [TV줌인]"
"17","엔터미디어","망하면 어떡하지, 너무 짠한 '골목' 피자집 사장님의 두려움"
"18","중앙일보","전재산 다 주고 떠난 노점상 할머니, 과거 놀라운 삶의 흔적"
"19","스포츠조선","[인터뷰③] 이수경 ""4년 전 태도 논란 이후 반성해..선배들 통해 많이 배웠다"""
"20","세계일보","빚내서 해외여행..개인 자유 vs 이래놓고 세상탓 [일상톡톡 플러스]"
"21","뉴스1","리틀야구단 감독 '성접대·폭행'의혹 고소당해..경찰 수사착수"
"22","이데일리","[단독] 박성현, '우상' 우즈와 만났다..몰카 형식 CF 깜짝 촬영"
"23","연합뉴스","생존 수영 중 의식불명 학생 끝내 숨져..강사 과실 여부 수사"
"24","헤럴드경제","[TK 설 민심 ②] ""배신자 이야기를 와?""..유승민, '미운 털' 여전했다"
"25","연합뉴스","방학맞은 대학 컴퓨터실이 비트코인 광산?..학교 측 ""수사 의뢰"""
"26","연합뉴스","미국서 21년전 귀국했다던 한인 모자..백인 남편이 살해 자백"
"27","한겨레","고래 사체가 굶주린 북극곰을 구할까"
"28","뉴시스","실종 축구선수 살라가 탔던 비행기 잔해에서 시신 1구 수습"
"29","OSEN","英 매체 온라인 설문 97% 지지, ""손흥민, 레스터전 골 넣는다"""
"30","엠스플뉴스","""손흥민, 토트넘 리더"" 살라·아구에로와 나란히..英 언론 지면 장식"
"31","OSEN","""가끔 혼밥 즐겨""..'라스' 김태희와 결혼한 비도 '평범한 남편<U+FF65>아빠'[어저께TV]"
"32","뉴스1","청년 주택청약 가입자격 확인절차 개선..기한 줄인다"
"33","파이낸셜뉴스","'소리 없는 암' 췌장암.. 혀로 조기 발견할 수 있다"
"34","연합뉴스","DMZ 등 접경지역에 13조원 투자..남북교류 기반·관광 활성화"
"35","뉴스1","올해 의료비 본인부담 최대 57만원↑..저소득은 동결수준"
"36","뉴스엔","'이나리' 6살 연하 남편 둔 맏며느리 에스더 합류, 갈등폭발[오늘TV]"
"37","세계일보","""일주일에 딱 한번.. 구치소 감방도 온수 나오게 해주오"""
"38","헤럴드경제","다시 '한반도 운전대' 잡은 文대통령..베트남 갈까"
"39","헤럴드경제","[단독]금융투자 손실보면 '최소 3년' 면세 추진"
"40","헤럴드경제","[TK 설 민심 ①] ""황교안이 친박? 에헤이~"" 全大, '보수 심장'에 물었다"
"41","오마이뉴스","""지루하다"" 마룬 파이브에게 쏟아진 '싫어요' 75만개"
"42","뉴스1","오세훈 ""박근혜 탄핵 부정 말자..총선 승리 할 것"""
"43","OSEN","산체스, ""손흥민이 亞컵서 돌아왔을 때 정말 기뻤다"""
"44","연합뉴스","트럼프, 5G·AI 패권선언..WSJ ""한국 5G업체 지원도 검토"""
"45","뉴스엔","'수미네 반찬' 괌 뷔페 성공적..최현석 셰프, 수미쌤 수제자 맞네요 [어제TV]"
"46","스포츠동아","노경은·김민성, 6~7번째 미아가 되기 힘든 이유"
"47","노컷뉴스","[탐정 손수호] ""버닝썬, 50개의 CCTV는 알고 있다?"""
"48","스포츠서울","[단독인터뷰]권창훈이 말하는 프랑스 ""월드클래스 배출하는 리그, 자부심 있다"""
"49","서울신문","80년대 주름잡던 유명 톱모델, 노숙자로 전락한 사연"
"50","연합뉴스","베어벡 오만 감독, 아시안컵 첫 조별리그 통과 이끌고도 사퇴"
"51","아시아경제","4K + HDR 입문자를 위한 모니터, 벤큐 EL2870U"
"52","헤럴드경제","조용하면서 연비까지 좋은 '도시 신사' 기아차 'K7 하이브리드'"
